Probability of inference < 0.9 (90%),,,,,,,,,,,,,,,,,,,,,,,,,,,,,,,,,,,,,,,,,,,,,,,,,,,,,,,,
Probability of inference < 0.5 (50%),,,,,,,,,,,,,,,,,,,,,,,,,,,,,,,,,,,,,,,,,,,,,,,,,,,,,,,,
,Taxa,,,,,,,,,,,,,,,,,,,,,,,,,,,,,,,,,,,,,,,,,,,,,,,,,,,,,,,
,Marmota monax,Sciurus carolinensis,Gorilla gorilla gorilla,Vulpes vulpes,Acinonyx jubatus,Aotus nancymaae,Sapajus apella,Urocitellus parryii,Molossus molossus,Pan troglodytes,Homo sapiens,Macaca mulatta,Panthera onca,Canis lupus dingo,Chrysochloris asiatica,Sciurus vulgaris,Ictidomys tridecemlineatus,Neophocaena asiaeorientalis asiaeorientalis,Callithrix jacchus,Lynx rufus,Hipposideros armiger,Orycteropus afer afer,Cebus imitator,Diceros bicornis minor,Rhinolophus ferrumequinum ureidoimidazolin,Saimiri boliviensis,Canis lupus familiaris,Martes martes,Nomascus leucogenys,30,31,32,33,34,35,36,37,39,40,41,42,43,44,45,46,47,48,49,50,51,53,54,55,,,
,→,→,→,→,→,→,→,→,→,→,→,→,→,→,→,→,→,→,→,→,→,→,→,→,→,→,→,→,→,→,→,→,→,→,→,→,→,→,→,→,→,→,→,→,→,→,→,→,→,→,→,→,→,,,
,32,30,42,35,37,43,39,31,51,41,41,46,36,34,38,30,31,53,44,36,47,38,39,54,47,40,34,49,45,33,32,33,54,35,49,37,50,40,43,42,45,44,48,46,48,51,56,50,56,52,52,55,53,,,
Site,,,,,,,,,,,,,,,,,,,,,,,,,,,,,,,,,,,,,,,,,,,,,,,,,,,,,,,,
13,,,,,,,,,,,,,,,,,,,,,,,,,,,,,,,,,G → A,,,,,,,,,,,,,,,,,,,,,,,
16,,,,,,,,,,,,,,,,,,,,,,A → G,,,,,,,,,,,,,,,,,,,,,,,,,,,,,,,,,,
17,,,T → C,,,,,,,,,,,,,,,,,,,,,,,,,,,,,,,,,,,,,,,,,,,,,,,,,,,,,
18,,G → A,,,,,,,T → G,,,,,,,,,,,,,,,,,,,,,,,,,,,,T → G,,,,,,T → C,,,,,,,,,T → G,,,,
21,,,,,,,,,,,,,,,G → C,,,,,,,,,,,,,,,,,,,,,,,,,,,,,,,,,,,,,,,,,
24,,,,,,,,,,,,,,,,,,,,,,,,,,,,,,,,G → A,,,,,,,,,,,,,,,,,,,,,,,,
30,,,,,,,,,,,,,,,,,,,,,C → T,,,,,,,,,,,,C → T,,,,,,,,,,,,,,,,,,,,,,,
31,,,,,,,,,,,,,,,,,,,,,,T → G,,,,,,,,,,,,,,,,,,,,,,,,,,,,,,,,,,
33,,,,,,,,,,,,,,,,,,,,,,,,C → T,,,,,,,,,,,,,,,,,,,,,,,,,,,,,,,,
35,,,,,,,,,,,,,,,,,,T → C,,,,,,,,,,,,,,,,,,,,,,,,,,,,,,,,,,,,,,
40,,,,,,,,,,,,,,,,,,,,,,,,,,,,,,,,,,,,,,,,T → C,,,,,,,,,,,,,,,,
42,,,,,,,,,,,,,,,,,,,,,,,,,,,,,,,,,,,,,,,,,,,,,,,,,,,C → T,,,,,
43,,,,,,,,,G → A,,,,,,,,,,,,,,,,,,,,,,,,,,,,,,,,,,,,,,,,,,,,,,,
45,,,,,,,,,,,,,,,,,,,,,,,,,,,,A → G,,,,,,,,,,,,,,,,,,,,,,A → G,,,,,,
48,,,,,,,,,A → G,,,,,,,,,,,,,,,,,,,,,,,,,,,,,,,,,,,,,,,,,,,,,,,
51,,,,,,,,,,,,,,,,,,,,,,,,,,,,,,,,,,,,,,,,,,,T → C,T → C,,,,,,,,,,,,
54,,,,,,,,,,,,,,,,,,,G → A,,,,,,,,,,,,,,,,,,,,,,,,,,,,,,,,,,,,,
56,,,,,,,,,,,,,,,,,,,,,,A → C,,,,,,,,,,,,,,,,,,,,,,,,,,,,,,,,,,
57,T → C,,,,,,,,,,,,T → C,,,,,,,,,,,,,,,,,,,,,,,,,,,,,,,,,,,,,,,,,,,
66,,,,,,,,,,,,,,,,,,,,,,,,,,,,,,,,,,,,,T → C,,,,,,,,,,,,,,,,,,,
69,,,,,,,,,,,,,,,,,,,,,,G → C,,,,,,,,,,,G → A,,,,,,,,,,,,,,,,,,,,,,,
71,,,,,,,,,,,,,,,,,,A → G,,,,,,,,,,,,,,,,,,,,,,,,,,,,,,,,,,,,,,
72,,,,,,,,,,,,,,,,,,,,,,T → C,,,,,,,,,,,,,T → C,,,,,,,,,,,,,,,,,,,,,
74,,,,,,,,,,,T → C,,,,,,,,,,,,,,,,,,,,,,,,,,,,,,,,,,,,,,,,,,,,,
75,,,,,,,,,,,,,,,,,,,,,,C → G,,,,,,,,,,,,,,,,,,,,,,,,,,,,,,,,,,
76,,,,,,,,,,,,,,,,,,,,,,,G → A,,A → G,,,,,,,,,,,,A → G,,A → G,,,,,,,,,,,,,,,,,
77,,,,,,,,,,,,,,,,,,T → C,,,,,,,,,,,,,,,,,,,,,,,T → C,,,,,,,,,,,,,,,
78,,,,,,,,,,,,,,,T → A,,,T → C,,,,T → C,,,,,,,,,,,,,,,,,,,,,,,,,,,,,,,,,,
81,G → A,,,,,,,,,,,G → A,,,,,,,,,,,,,,,,,,,,,,,,,,,,,,,,,,,,,,,,,,,,
83,,,,,,,,,,,,,,,,,,,,,,,,,,G → A,,,,,,,,,,,,,,,,,,,,,,,,,,,,,,
84,,,,,,,,,,,,,,,,,,,,,,A → G,,,,,,A → G,,,A → G,,,,,,,,,,,,,,,,,,,,,,,,,
87,,,,,,,,,,,,,,,,,,,,,,,,,,,,,,,,,,,,,T → C,,,,,,,,,,,,,,,,,,,
90,,,,,,,,,,,,,,,,,,,,,,T → C,,,,,,,,,,,,,,,,,,,,,,,,,,,,,,,,,,
93,,,,,,,,,,,,,,,,,,,,,G → A,G → C,,,,,,,,,,,,,,,,,,,,,,,,,,,,,,,,,,
96,,,,,,,,,,,,,,,,,,,,,T → A,,,,,,,,,,,,,,T → C,,,,,,,,,,,,,,,,,,,,,
99,,,,,,,,,,,,,,,A → G,,,A → C,,,,A → C,,,A → T,,,G → C,,,,,,,,,,,,,,,,,,,,,A → G,,,,,,,
100,,,,,,,,,,,,,,,,,,G → C,,,,,,,,,,,,,,,,,,,,,,,,,,,,,,,,,,,,,,
101,,,,,,,,,,,,,,,,,,,,,,,,,,,,,C → A,,,,,,,,,,,,,,,,,,,,,,,,,,,
102,,,,,,T → C,,,A → G,,,,,,A → C,,,T → C,,,A → G,,,T → C,,,,,,,,,T → A,,,,,T → C,,,,,,,,,,,,,A → T,,,,,
103,,,,,,,,,,,,,,,,,,G → A,,,,,,,,,,,,,,,,,,,,,,,,,,,,,,,,,,,,,,
105,,,,,,,,,,,,,,,,,,T → C,,,,,,,,,,,,,,,,,,,,,,,,,,,,,,,,,,,,,,
108,,,,,,,,,,,,,,,,,,T → G,,,,,,T → C,,,,,,,,,T → C,,,,T → G,,,,,,,,,,,,,,,,,,,
110,,,,,,,,,,,,,,,,,,G → T,,,,,,,,,,,,,,,,,,,,,,,,,,,,,,,,,,,,,,
111,,,,,,,,,,,,,,,,,,G → C,,,,,,,,,,,,,,,,,,,,,,,,,,,,,,,,,,,,,,
117,,,,,,,,,,,,,,,,,,,,,,G → A,,,,,,,,,,,,,,,,,,,,,,,,,,,,,,,,,,
120,,,,,,,,,,,,,,,,,,,,,,,,C → G,,,,,,,,,C → T,,C → T,,,,,,A → G,,,,,,C → A,,,,,,,,,
123,,,,,,,,,,,,,,,,,,A → G,,,,,,A → G,,,,,,,,A → G,,,,,A → G,,,,,,A → C,,,,,,,,,,,,,
126,,C → T,,,,,,,,C → A,,,,,,,,,,,,,,C → T,,,,,,,,,,,,,,,,,,,,,,,,,,,,,,,,
128,,,,,C → G,,,,,,,,,,,,,,,,,,,,,,,,,,,C → T,,,,,,,,,,,C → T,,,,,,,,,,,,,
129,,,,,,,,,,,,,,,,,,,,,,T → G,,,,,,,,,,,,,,,,,,,,,T → G,,,,,,T → C,,,,,,,
130,,,,,,,,,,,,,,,,,,,,,,,,,,,,,,,,,,,,,,,,,,,,,,,,,G → A,,,,,,,
132,,,,,,,,,,,,,,,,,,,,,,C → T,,,,,,,,,,,,,,,,,,,,,,,,,C → T,,,,,,,,,
133,,,,,,,,,,,,,,,T → C,,,,,,,T → G,,,,,,,,T → C,,,,,,,,,,,,,,,,,,,,,,,,,,
134,,,,,,,,,,,,,,,,,,,,,,,,,,,,,,,,,,,,,T → C,,,,,,,,,,,,,,,,,,,
135,,,,,,,,,,,,,,,,,,,,,,G → C,,,,,,,,,,,,,,,,,,,,,,,,,,,,,,,,,,
136,,,,,,,,,,,,,,,,,,,,,,,,,G → C,,,,,,,,,,,,,,,,,,,,,,,,,,,,,,,
138,,,,,,,,,,,,,,,,,,,,,,A → T,,,,,,,,,,,,,,,,,,,,,,,,,,,,,,,,,,
141,,,,,,,,,,,,,,,,,,,,,,T → C,,,,,,,,,,,,,,,,,,,,,,,,T → C,,,,,,,,,,
142,,,,,,,,,T → C,,,,,,,,,,,,,,,,,,,,,,,,,,,,,,,,,,,,,,,,,,,,,,,
145,,,,,,C → G,,,,,,G → A,,,,,,,,,,,,,G → A,,,,,,,,,,,,,,,,,,G → C,,,,,,,,,,,,,
147,,,,,,,,,,,,,,,,,,,,,,G → C,,,,,,,,,,,,,,,,,,,,,,,,,,,,,,,,,,
148,,,,,,,,,A → C,,,,,,A → G,,,A → C,,,,,,,A → C,,,,,,,,,,,,,,,,,,,,,,,,,,,,,,,
149,,,,,,,,,,,,,,,A → C,,,,,,,,,,,,,,,,,,,,,,,,,,,,,,,,,,,,,,,,,
150,,,,,,,,,,,,,,,G → A,,,,,,,,,,,,,,,,,,,,,,,,,,,,,,,,,,,,,,,,,
153,C → T,,,,,,,,,,,,,,C → G,,,,,,,C → T,,,,,,,,,,,,,C → T,,,,,,,,,,,,,,,,,,,,,
156,,,,,,,,,,,,,,,,,,,,,,,,,,,,T → C,,,,,,,,,,,,,,,,,,,,,,,,,,,,
158,,,,,,,,,T → C,,,,,,,,,,,,,,,,,,,,,,,,,,,,,,,,,,,,,T → A,,,,,,,,,,
159,,,,,,,,,T → G,,,,,,,,,,,,,,,T → C,,,,,,,,,,,,,,,,,,,,,,,,,,,,,,,,
161,,,,,,,,,,,,,,,,,,,,,,,,,,,,,,,,,,C → A,,,,,,,,,,,,,,,,,,,,,,
162,,,,,,,,,,,,,,,,,,,,,,,,C → G,,,,,,,,,,,,,,,,,,,,,,,,,,,,,,,,
163,,,,,,,,,,,,,,,,,,,T → G,,,,,,,,,,,,,,,,,,,,,,,,,,,,,,,,,,,,,
165,,,,,,,,,,,,,,,,,,,,,,,,T → G,T → C,,,,,,,,,,T → C,,,,,,,,,,,,,,,,,,,,,
167,,,,,,,,,,,,,,,,,,T → C,,,,,,,,,,,,,,,,,,,,,,,,,,,,,,,,,,,,,,
168,,,,,,,,,T → C,,,,,,T → C,,,,,,,,,,,,,,,,,,T → A,,,,,,,,,,,,,,,,,,,,,,,
171,,,,,,,,,,,,,,,,,,,,,,T → C,,,,,,T → C,,,,,,,,,T → C,,,,,,,,,,,,,,,,,,,
173,,,,,,,,,,,,,,,C → T,,,,,,,,,,,,,C → G,,,,,,,,,,,,,,,,,,,,,,,,,,,,
177,,,,,,,,,T → G,,,,,,,,,,,,,,,,,,,,,,,,,,,,,,,,,,,,,,,,,,,,,,,
178,,,,,,,,,,,C → G,,,,,,,,,,,,,,,,,,,,,,,,,,,,,,,,,,,,,,,,,,,,,
180,,,,,,,,,A → G,,,,,,,,,,,,,,,A → G,,A → G,,A → G,,,,,,,A → C,,,,,,,,,,,A → T,,,,,,,,,,
182,,,,,,,,,,,,,,,,,,,,,A → C,,,,,,,,,,,,,,,,,,,,,,,,,,,,,,,,,,,
183,,,,,,,,,,,,,,,,,,,,,G → A,,,,,,,,,,,,,,,,,,,,,,,,,,,,,,,,,,,
184,,,,,,,,,T → G,,,,,,,,,,,,,,,,,,,,,,,,,,,,,,,,,,,,,,,,,,,,,,,
189,,,,,,,,,,,,,,,,,,C → T,,,,,,,,,,,,,,,C → A,,,,,,,,,,,,,,,,,,,,,,,
190,,,,,,,,,,,,,,,,,,C → A,,,,,,,,,,,,,,,,,,,,,,,,,,,,,,,,,,,,,,
191,,,,,,,,,,,,,,,,,,,,,,,,,,,,,,,,,,,A → G,,,,,,,,,,,,,,,,,,,,,
192,,,,,,,,,A → G,,,,,,,,,A → G,,,,,,,,,,,,,,,A → G,,,,,,,,,,,,,,A → G,,,,,,,,,
195,,,,,,,,,,,,,,,,,,G → C,,,,,,,,,,,,,,,,,,,,,,,,,,,,,,,,,,,,,,
196,,,,,,,,,,,,,,,,,,G → A,,,,,,,,,,,,,,,,,,,,,,,,,,,,,,,,,,,,,,
197,,,,,,,,,,,,,,,,,,G → A,,,,,,,,,,,,,,,,,,,,,,,,,,,,,,,,,,,,,,
198,,,,,,,,,,,,,,,,,,C → A,,,,,,,,,,,,,,,,,,,,,,,,,,,,,,,,,,,,,,
199,,,,,,,,,,,,,,,,,,A → C,,,,A → G,,,,,,,,,,,,,,,,,,,,,,,,,,,,,,,,,,
201,,,,,,,,,,,,,,,,,,C → T,,,,,,,,,,,,,,,,,,,,,,,,,,,,,,,,,,,,,,
202,,,,,,,,,,,,,,,,,,C → G,,,,,,,,,,,,,,,,,,,,,,,,,,,,,,,,,,,,,,
204,,,,,,,,,,,,,,,,,,G → C,,,,,G → A,,,,,,,,,,,,,,,,,,,,,,,,,,,,,,,,,
205,,,,,,,,,,,,,,,,,,C → A,,,,,,,,,,,,,,,,,,,,,,,,,,,,,,,,,,,,,,
206,,,,,,,,,,,,,,,,,,G → C,,,,,,,,,,,,,,,,,,,,,,,,,,,,,,,,,,,,,,
207,,,,,,,,,,,,,,,,,,C → T,,,,,,,,,,,,,,,,,,,,,,,,,,,,,,,,,,,,,,
209,,,,,,,,,,,,,,,,,,G → A,,,,,,,,,,,,,,,,,,,,,,,,,,,,,,,,,,,,,,
211,,,,,,,,,C → T,,,,,,,,,,,,,,,,,,,,,,,,,,,,,,,,,,,,,,,,,,,,,,,
212,,,,,,,,,,,,,,,,,,A → G,,,,,,,,,,,,,,,,,,,,,,,,,,,,,,,,,,,,,,
216,,,,,,G → C,G → A,,,,,,,,G → A,,,G → C,,,,,,,,,,G → A,,,,,,,,,,,,,,,,,,,,,,,,,,,,
217,,,,,,,,,,G → T,,,,,,,,,,,,,,,,,,,,,,,,,,,,,,,,,,,,,,,,,,,,,,
229,,,,,,,,,,,,,,,,,,,,,,,,,,,,,,,,,,,,,,,,,,,,,C → A,,,,,,,,,,,
232,,,,,,,,,,,,,,,G → C,,,,,,,,,,,,,,,,,,,,,,,,,,,,,,,,,,,,,,,,,
234,,,,,,,,,,,,,,,,,,,,,,,,,,,,,,,,,,,,,,,G → C,,,,,,,,,,,,,,,,,
235,,,,,,,,,,,,,,,,,,,,,,,,,,,,,,,,,,,,,,,,,,,,,,C → T,,,,,,,,,,
236,,,,,,,,,,,,,,,,,,,,,,,,,,,,,,,,,T → A,,,,,,,,,,,,,,,,,,,,,,,
239,,,,,,,,,,,,A → G,,,,,,,,,,,,,,,,,,,,,,,,,,,,,,,,,,,,,,,,,,,,
242,,,,,,,,,,,,,,,,,,,,,G → A,G → A,,,G → T,,,,,,,,,,G → A,,G → A,,,,,,G → A,,,,,,,,,,,,,
247,,,,,,,,,,,,,,,,,,A → G,,,,,,,,,,,,,,,,,,,,,,,,,,,,,,,,,,,,,,
248,,,,,,C → A,,,,,,,,,,,,C → A,,,,,,,,,,,,,,,,,,,,,,,,,,,,,,,,,,,,,,
249,,,,,,,,,,,,,,,,,,,,,,,,,,,,,,G → T,,,,,,,,,,,,,,,,,,,,,,,,,,
252,,,,,,,,,C → A,,,,,,C → G,,,,,,C → G,,,,,,,,,,,,,,,,,,,,,,,,,,,,,,,,,,,
253,,,,,,,,,,,,,,,,,,,,,,,,,,,,,,A → T,,,,,,,,,,,,,,,,,,,,,,,,,,
254,,,,,,,,,C → G,,,,,,,,,C → G,,,,,,,,,,,,,,,,,C → G,,,,,,,,,,,,,,,,,,,,,
255,,,,,,,,,,,,,,,,,,T → C,G → C,,,C → G,,T → A,T → C,,,,G → A,,,,,,,,,,,,,,,,,,T → G,T → C,,,,,,,,
257,,,,,,,,,,,,,,,,,,,,,,,,,,,,,C → G,,,,,,,,,,,,,,,,,,,,,,,,,,,
258,,,,,,,,,C → G,,,,,,C → G,,C → G,,,,,,,,,,,,,C → G,,,,,,,C → G,,,,,,,,,,,,,,,,,,,
261,,,,,,,,,,,,,,,,,,,,,,,,,,,,,,,,,G → A,,,,,,,,,,,,,,,,,,,,,,,
264,,,,,,,,,,,,,,,,,,,,,,,,,,,,,,,,,,,G → T,,,,,,,,,,,,,,,,,,,,,
266,,,,G → T,,,,,,,,,,,,,,,,,,,,,,,,,,,,,,,A → G,,A → G,,,,,,,,,,,,,,,,,,,
270,,,,,,,,,G → A,,,,,,,,,,,,G → C,,,,,,,,,,,,,,,,,,,,,,,,,,,,,,,,,,,
273,,,,,,,,,,,,,,,,,,,,,,,,,,,,,,,,G → A,,,,,,,,,,,,,G → A,,,,,,,,,,,
276,,G → A,,,,,,,G → C,,,,,,,,,,,,,,,,,,,,,,,,,,,,,,G → C,,,,,,,,,,,,,,,,,
277,,,,,,,,,,,,,,,,,,,,A → G,,,,,,,,,,,,,,,,,,,,,,,,,,,,,,,,,,,,
279,,,,C → G,,,,,,,,,,,,,,,,,,,,,,,,C → A,,,,,,,,,C → G,,,,,,,,,,,,,,,,,,,
280,G → A,,,,,,,,,,,,,,,,,,,,,,,,,,,,,,,,,,,,,,,,,,,,,,,,,,,,,,,
281,,,,,,,,,G → C,,,G → C,,,,,,G → C,,,,,,,,,,,,,,,,,,,,,,,,,,,,,,,,,,,,,,
282,,,C → T,,,,,,,,,,,,,,,,,,,,,,,,,,,,,,,,,,,,,,,,,,,,,,,,,,,,,
285,,,,,,,,,,,,,,,,,,,,,,,,,,,,,,,,,,,,,,,,,,,,G → A,,,,,,,,,,,,
289,,,,,,,,,,,,,,,,,,,,,,,,,,,,,,,,C → T,,,,,,,,,,,,,,,,,,,,,,,,
290,,,,,,,,,,,,,,,,,,T → A,,,,,,,,,,,,,,,,,,,,,,,,,,,,,,,,,,,,,,
291,,,,,,,,,G → C,,,,,,,,,G → C,,,,,T → C,,G → C,,,,,,,,,,,,,,,,,,G → T,,,,,,,,,,,,,
292,,,,,,,,,,A → T,,,,A → G,,,,,,,,,,,,,,,,,,,,,,,,,,,,,,,,,,,,,,,,,,
293,,,,,,,,,,,,,,,,,,,,,,,,,,,,,,,,,,,,,C → T,,,,C → G,,,,,,,,,,,,,,,
294,,,,G → C,,,,,G → C,,,,,,,,,,,,,,,,,,,,,,,,G → A,,,,,,,,,,,,,,,,,,,,,,,
295,,,,,,,,,,,,,,,A → G,,,,A → T,,,,,,,,,,,,,,,,,,,,,,,,,,,,,,,,,,,,,
297,,,,,,,,,,,,,,,C → T,,,,,,,,,,,,,,,,,,,,,,,,,,,,,,,,,,,,,,,,,
301,,,,,,,,,G → C,,,,,,,,,,,,,G → A,,,,,,,,,,G → A,,,,,,,,,,,,,,,,,,,,,,,,
302,,,,,,,,,,,,,,,,,,,,,,,,,,,,,,,,,,,,,,,,,,,,,,,,,G → A,,,,,,,
304,,,,,,,,,,,,,,,,,,,,,,,,,,,,,,,,,,,,,,G → C,,,,,,,,,,,,,,,,,,
306,,,,,,,,,,,,,,,G → C,,,,,,,,,,,,,,,,,,G → A,,,,,,,,,,,,,G → C,,,,,,,,,,
308,,,,A → G,,,,,,,,,,,,,,A → C,,,,,,,,,,,,,,,,,,,A → C,,,,,,,,,,,,,,,,,,,
309,,,,,,,,,C → A,,,,,,C → G,,,,,,,,,,,,,,,,,C → A,,,,,,,,,,,,,,,,,,,,,,,,
311,,,A → G,,,,,,,,,,,,,,,,,,,,,,,,,,,,,,,,,,,,,,,,,,,,,,,,,,,,,
314,,,,,,,,,,,,,,,,,,,,,,,,,,A → T,,,,,,,,,,,,,G → A,,,,,,,,,,,,,,,,,
315,,,,,,,,,,,,,,,,,,,,,,G → A,,,,G → C,,,,,,,,,,,,,,,,,,,,,,,,,,,,,,
317,,,,,,,,,,,,,,,,,,,,,,,,,,,,,,,,,T → A,,,,,,,,,,,,,,,,,,,,,,,
318,,,,,,,,,,,C → G,,,,,,,,,,,,,,,,,,,,,,C → G,,,,,,,,,,,,,,,,,,,,,,,
319,,,,,,,,,,,,,,,,,,C → T,,,,,,,,,,,,,,,,,,,,,C → A,,,,,,,,,,,,,,,,,
320,,,,,,,,,,,,,,,,,,,,,,,,,,,,,,,,,G → A,,,,,,,,,,,,,,,,,,,,,,,
324,,,,,,,,,,,,,,,G → A,,,,,,,,,,,,,,,,,,,,,,,,,,,,,,,,,,,,,,,,,
326,,,,,,,,,,,,,,,,,,,,,C → A,,,,,,,,,,,C → A,,,,,,,,,,,,,,,,,,,,,,,,
327,,,,,,,,,G → T,,,,,,C → T,,,G → C,,,,,,G → C,,,,,,,,,,,,,,,,,,,,G → C,,,,,,,,,,,,
328,,,,,,,,,,,,,,,,,,,,,,G → C,,,,,,,,,,,G → A,,,,,,,,,,,,,,,,,,,,,,,
329,,,,,,,,,,,,,,,,,,A → C,,,,,,,,,,,,,,,,,,,,,,,,,,,,,,,,,,,,,,
330,,,,,,,,,,,,,,,G → A,,,,,,,,,,,,,,,,,,,,,,,,,,,,,,,,,,,,,,,,,
333,,,,,,,,,,,,,,,,,,,,,,,,,,,,,,,,,,,,,,,,,,,C → G,,,,,,,,,,,,,
336,,,,,,,,,,,,C → T,,,,,,,,,,,C → T,,,,,,,,,,,,,,,,,,,,,,,,,,,,,,,,,
338,,,,C → G,,,,,,,,,,,,,,,,,,,,,,,,,,,,,,,,,,,,,,,,,,,,,,,,,,,,
339,,,,,,,,,,,,,,,G → T,,,,,,,,,,G → T,,,,,,,,,,,,G → T,,,,,,,,,,,,,,,,,,,
342,,,,,,G → A,,,,,,,,,,,,,,,,,,,,,,,,,,,,,,,,,,,,,,,,,,,,,,,,,,
345,,,,,,,,,,,,,,,C → T,,,,,,,,,,,,,,,,,,,,,,,,,,,,,,,,,,,,,,,,,
348,,,,,,,,,,,,,,,C → A,,,,,,,,,,,C → T,,,,,,,,,,,,,,,,,,,,,,,,,,,,,,
354,,,,,,,,,,,,,,,,,,,,,C → T,,,,,,,,,C → T,,,,,,,,,,,,,,,,,,,,,,,,,,
356,,,,,,,,,,,,,,,,,,T → C,,,,,,,,,,,,,,,,,,,,,,,,,,,,,,,,,,,,,,
357,,,,,,C → T,,,,,,,,,,,,,,,,,,,,,,,,,,,,,,,,,,,,,,,,,,,,,,,,,,
360,,,,,,,,,,,C → T,,,,,,,,,,,C → T,,,,,,,,,,,,,,,,,,,,,,,,,,,,,,,,,,
369,,,,,,,,,,,,,,,,,,C → T,,,,C → T,,,,,,,,,,,,,,,,,,,,,,,,,,,,,,,,,,
370,,,,,,,,,,,,,,,,,,,,,,,,,,,,,,,,,,,,,,,,,,,G → A,,,,,,,,,,,,,
371,,,,,,,,,,,,,,,,,,T → C,,,,,,,,,,,,,,,,,,,,,,,,,,,,,,,,,,,,,,
372,,,,,,,,,,,,,,,,,,,,,,,,,,,,,,,,,,,,,,,,,,,G → C,,,,,,,,,,,,,
375,,,,,,,,,,,,C → G,,,,,,,,,G → C,,,,,,,,,C → T,,,,,,,,,,,,,,,,,,,,,G → C,,,,,
378,,,,,,,,,,,,,,,C → G,,,,,,,,,,,,,C → A,,,,,,,,,,,,,,,,,,,,,,,,,,,,
381,,,,,,G → A,,,,,,,,,,,,,,,,,,G → A,,,,,,,,,,,,,,,,,,,,,,,,,,,,,,,,
384,,,,T → G,,,,,,,,,,,,,,,,,,,,,,,,,,,,C → T,,,C → T,,C → T,,C → T,,,,,,,,,,,,,,,,,
385,,,,,,,,,,,,,,,,,,C → G,,,,,,,,,,,,,,,,,,,,,,,,,,,C → T,,,,,,,,,,,
386,,,,,,,,,,,,,,,,,,,,,,,,,,,,,,,,,,,T → G,,,,,,,,,,,,,,,,,,,,,
387,,,,,,,,,,,,,,,C → A,,,,,,,,,,,,,,,,,,,,,,,,,,,,,,,,,C → G,,,,,,,,
389,,,,,,,,,,,,,,,,,,,,,,,,G → C,,,,,,,,,,,,,,,,,,,,,,,,,,,,,,,,
391,,,,,,,,,,G → A,,,,,,,,,,,G → C,,,,,,,,G → T,,,,,G → C,,,,,,,,,,,,,,,,,,,,,,
394,,,,,,,,,,,,,,,C → T,,,,,,,,,,,,,C → A,,,,,,,,,,,,,,,,,,,,,,,,,,,,
395,,,,,,,,,,,,,,,,,,,G → C,,,,,G → C,,,,,,,,,,,,,,,,,,,,,,,,,,,,,,,,
396,,,,,,,,,,,,,,,G → C,,,,,,,,,,,,,,,,,,,,,,,,,,,,,,,,,,,,,,,,,
397,,,,,,,,,,,,,,,,,,,,,,,,,,,,,,,,,,,,,,,,,,,,G → A,,,,,,,,,,,,
398,,,,,,,,,C → A,,,,,,,,,,,,,,,,,,,,,,,,,,,,,,,,,,,,,,,,,,,,,,,
399,,,,,,,,,,,,,,,G → C,,G → A,,,,,,,G → T,,,,,G → T,,,,,,,,,G → T,,,,,,,,,,,,,,,,,,
402,,,,,,,,,,,,,,,,,,,G → C,,,,,,,,,,G → A,,,,,,,,,,,,,,,,,,,G → C,,,C → G,,,,,
403,,,,,,,,,,,,,,,,,,,G → A,,,,,G → A,,,,,,,,,,,,,,,,,,,,,,,,,,,,,,,,
404,,,,,,,,,,T → C,,,,,,,,,,,,,,,,,,,,,,,,,,,,,,,,,,,,,,,,,,,,,,
405,,,,,,,,,,G → T,,,,,,,,,,,,,,,,,,,,,,,,,,,,,,,,,,,,G → A,,,,,,,,,,
420,,,,,,,,,,G → C,,,,,,,,,,,,G → A,,G → T,,,,,,,,,,,,,,,,,,,,,,,,,,,,,,,,
421,,,,,,,,,,C → G,,,,,,,,,,,,,,,,,,,,,,,,,,,,,,,,,,,,,,,,,,,,,,
422,,,,,,,,,,G → C,,,,,,,,,,,,,,,,,,,,,,,,,,,,,,,,,,,,,,,,,,,,,,
423,,,,,,,,,,C → G,,,,,,,,,,,,,,,,,,,,,,,,,,,,,,,,,,,,,,,,,,,,,,
424,,,,,,,,,,,,,,,,,,,,,,C → A,,C → A,,,,,,,,,,,,,,,,,,,,,,,,,,,,,,,,
425,,,G → T,,,,,,,,,,,,,,,,,,,,,,,,,,,,,,,,,,,,,,,,,,,,,,,,,,,,,
426,,,,,,,,,,,,G → T,,,,,,,,,,,,,,,,,,,,,,,,,,,,,,,,,,,,,,,,,,,,
427,,,,,,,,,,,,,,,,,,,,,C → T,,,,,,,,,,,,,,,,,,,,,,,,,,,,,,,,,,,
429,,,,,,,,,,,,,,,G → A,,,,,,,,,,,,,,,G → C,,,,,,,,,,,,,,,,,,,,,,,,,,
431,,,,,,,,,A → G,,,,,,,,,,,,,,,,,,,,,,,,,,A → G,,,,,,,,,,,,A → T,,,,,,,,,
432,,,,,,,,,,,,,,,,,,,,,,C → T,,,,,,,,,,,,,,,C → G,,,,,,,,,,,,,,,,,,,
433,,,,,,,,,,,,,,,,,,,,,,,,,,,,,,T → A,,,,,,,T → C,,,,,,,,,,,,,,,,,,,
434,,,,,,,,,,,,,,,,,,,,,,G → C,,,,,,,,,,,,,,,,,,,,,,,,,,,,,,,,,,
435,,,,,,,,,,,,,,,,,,,,,,,,,,,,,,,,,,,C → T,,,,,,,,,,,,,,,,,,,,,
436,,,,C → G,,,,,,,,,,,,,,,,,C → T,,,,,,,,,,,,,,,,,,,,,,,,,,,,,,,,,,,
437,,,,,,,,,,,,,,,,,,,,,,,,,,,,,,,,,C → A,,,,,,,,,,,,,,,,,,,,,,,
438,,,,,,,,,,G → T,,,,,G → T,,,G → A,,,,,,,,,,,,,,,,,,,,,,,,,,,,,,,,,,,,,,
444,,,,,,,,,,,,,,,,,,,,,,,,,,,,,,,,,,,,,G → C,,,,,,,,,,,,,,,,,,,
445,,,,,,,,,,,,,,,,,,,,,,,,,,,,,,,,,,,,,C → G,,,,,,,,,,,,,,,,,,,
446,,,,,,,,,A → T,,,,,,,,,,,,,,,,,,,,,,,,,,,,,,,,,,,,,,,,,,,,,,,
450,,,,,,,,,,,,,,,,,,,,,,,,,,G → A,,,,G → A,,,,,,,,,,,,,,,,,,,,,,,,,,
451,,,,,,,,,,,,,,,,,,,,,,C → T,,,,,,,,,,,,,,,,,,,,,,,,,,,,,,,,,,
453,,,,,,,,,,,,,,,,,,,,,,,,,,,,,,,,,,,,,,,,,,,G → A,,,,,,,,,,,,,
454,,,,,,,,,,,,,,,,,,C → A,,,,,,,,,,,,,,,,,,,,,,,,,,,,,,,,,,,,,,
455,,,,,,,,,,,,,,,,,,G → A,,,,,,,,,,,,,,,,,,,,,,,,,,,,,,,,,,,,,,
458,,,,,,,,,,,,,,,,,,,,,C → T,,,,,,,,,,,,,,,,,,,,,,,,,,,,,,,,,,,
459,,,,,,,,,C → G,,,,,,C → G,,,,,,,,,,,,,,,,,,,,,,,,,,,,,C → T,,,,,,,,,,,,
462,,,,,,,,,,,,,,,C → G,,,C → A,,,,,,,,,,,,,,,,,,,,,,,,,,,,,C → T,,,,,,,,,
465,,,,,,,,,,,,,,,,,,,,,,,,G → C,,,,,,,,,,,,,,,,,,,,,,,,,,,,,,,,
467,,,,,,,,,,,,,,,,,,,,,,,,,,,,,,,,,,,G → C,,,,,,,,,,,,,,,,,,,,,
474,,,,,,,,,,,,,,,,,,,,,,,,,,,,,,,,,,,,,,,G → A,,,,,,,,,,,,,,,,,
480,,,,,,,,,,,,,,,,,,,,,,,,,,,,,,,,,G → A,,,,,,,,,,,,,,,,,,,,,,,
483,,,,,,,,,,,,,,,,,,,,,,,,,,,,,,,,,C → T,,,,,,,,,,,,,,,,,,,,,,,
484,,,,,,,,,,,,,,,,,,,,,,,,,,,,,,,,,,,,,,,G → A,,,,,,,,,,,,,,,,,
485,,,,,,,,,,,,,,,,,,,,,,,,,,,,,,,,,,,,,,,,,,,,,,G → C,,,,,,,,,,
486,,,,,,,,,,,,,,,,,,,,,,C → T,,,,,,,,,,,,,,,,,,,,,,,,,,,,,,,,,,
487,,,,,,,,,,,,,,,,,,,,,,,,,,,,,,,,,,,,,,,,,,,A → G,,,,C → A,,,,,,,,,
488,,,,,,,,,,,,,,,,,,,,,,,,,,,,,,,,,G → A,,,,,,,,,,,,,,,G → A,,,,,,,,
490,,,,,,,,,,,,,,,,,,,,,,,,C → T,,,,,,,,,,,,,,,,,,,,,,,,,,,,,,,,
491,,,,,,,,,,,,,,,,,,T → G,,,,,,,,,,,,,,,,,,,,,,,,,,,,,,,,,,,,,,
493,,,,,,,,,,,,,,,C → A,,,,,,,,,,,,,,,,,,,,,,,,,,,,,,,,,,,,,,,,,
495,,,,,,,,,,,,,,,C → A,,,C → T,,,,,,C → T,,,,C → T,,,,,,,C → A,,,,,,,,,,,,,,,C → G,,,,,,
498,,,,,,,,,,,,,,,,,,,,,C → T,,,,,,,,,,,,C → T,,,,,G → C,,,,,,,,,C → G,,,,,,,,,
499,,,,,,,,,,,,,,,G → C,,,,,,,,,,,,,,,,,,,,,,,,,,,,,,,,,,,,,,,,,
500,,,,,,,,,,,,,,,C → G,,,,,,,,,,,,,,,,,C → T,,,,,,,,,,,,,,,,,,,,,,,,
501,,,,,,,,,C → T,,,,,,,,,,,,,,,C → G,,,,,,,,,,,,,,,,,,,C → A,,,,,,,,,,,,,
503,,,,,,,,,,,,,,,,,,,,,,,,,,,,,A → G,,,,,,,,,,,,,,,,,,,,,,,,,,,
506,,,,,,,,,T → G,,,,,,,,,,,,,,,,,,,,,,,,,,,,,,,,,,,,,,,,,,,,,,,
507,,,,,,,,,,,,,,,,,,,,,,,,,,,,,,,,,C → T,,,,,,,,,,,,,,,,,,,,,,,
510,,,,,,,,,,,,,,,,,,,,,,,,,,,,,,,,,,,,,,,,,,,,,,,,C → G,,,,,,,,
511,,,,,,,,,,,,,,,,,,,,,,G → C,,G → T,,,,,,,,,,,,,,,,,,,C → T,,,,G → C,,,,,,,,,
512,,,,,,,,,,,,,,,,,,,,,,,,,,,,,,G → A,,,,,,,,,,,,,,,,,,,,,,,,,,
513,,,,,,,,,,,,,,,,,,C → G,,,,,,,,,,,,,,,C → T,,,,,,,,,,,,,,,,,,,,,,,
514,,,,,,,,,,,,,,G → A,,,,G → A,,,,,,,G → A,,,,G → T,,,,,,,,,,,,,,,,,,,,,,,,,,,
515,,,,,,,,,,,,,,,,,,C → G,,,,,,C → T,,,,,,,,,,,,,,,,,,,,,,C → T,,,,,,,,,,
516,,,,,,C → G,,,,,,,,,,,,,,,,C → G,,C → G,C → T,,,C → G,,C → G,,,,,,,,,,,C → A,,,,,,,,,,,,,,,
523,,,,,,,,,,,,,,,,,,G → A,,,G → T,,,,,,,G → A,,,,,,,,,,,,,,,,,,,,,,,,G → T,,,,
524,,,,,,,,,,,,,,,,,,,,,,,,,,,,C → T,,,,,,,,,,,,,,,,,,,,,,,,,,,,
525,,,,,,,,,,,,,,,,,,,,,,,,C → G,,,,,,,,,,,,,,,,,,,,,,,,,,,,,,,,
,,,,,,,,,,,,,,,,,,,,,,,,,,,,,,,,,,,,,,,,,,,,,,,,,,,,,,,,
,,,,,,,,,,,,,,,,,,,,,,,,,,,,,,,,,,,,,,,,,,,,,,,,,,,,,,,,
,,,,,,,,,,,,,,,,,,,,,,,,,,,,,,,,,,,,,,,,,,,,,,,,,,,,,,,,
,,,,,,,,,,,,,,,,,,,,,,,,,,,,,,,,,,,,,,,,,,,,,,,,,,,,,,,,
,,,,,,,,,,,,,,,,,,,,,,,,,,,,,,,,,,,,,,,,,,,,,,,,,,,,,,,,
,,,,,,,,,,,,,,,,,,,,,,,,,,,,,,,,,,,,,,,,,,,,,,,,,,,,,,,,
,,,,,,,,,,,,,,,,,,,,,,,,,,,,,,,,,,,,,,,,,,,,,,,,,,,,,,,,
,,,,,,,,,,,,,,,,,,,,,,,,,,,,,,,,,,,,,,,,,,,,,,,,,,,,,,,,
,,,,,,,,,,,,,,,,,,,,,,,,,,,,,,,,,,,,,,,,,,,,,,,,,,,,,,,,
,,,,,,,,,,,,,,,,,,,,,,,,,,,,,,,,,,,,,,,,,,,,,,,,,,,,,,,,
,,,,,,,,,,,,,,,,,,,,,,,,,,,,,,,,,,,,,,,,,,,,,,,,,,,,,,,,
,,,,,,,,,,,,,,,,,,,,,,,,,,,,,,,,,,,,,,,,,,,,,,,,,,,,,,,,
,,,,,,,,,,,,,,,,,,,,,,,,,,,,,,,,,,,,,,,,,,,,,,,,,,,,,,,,
,,,,,,,,,,,,,,,,,,,,,,,,,,,,,,,,,,,,,,,,,,,,,,,,,,,,,,,,
,,,,,,,,,,,,,,,,,,,,,,,,,,,,,,,,,,,,,,,,,,,,,,,,,,,,,,,,
,,,,,,,,,,,,,,,,,,,,,,,,,,,,,,,,,,,,,,,,,,,,,,,,,,,,,,,,
,,,,,,,,,,,,,,,,,,,,,,,,,,,,,,,,,,,,,,,,,,,,,,,,,,,,,,,,
,,,,,,,,,,,,,,,,,,,,,,,,,,,,,,,,,,,,,,,,,,,,,,,,,,,,,,,,
,,,,,,,,,,,,,,,,,,,,,,,,,,,,,,,,,,,,,,,,,,,,,,,,,,,,,,,,
,,,,,,,,,,,,,,,,,,,,,,,,,,,,,,,,,,,,,,,,,,,,,,,,,,,,,,,,
,,,,,,,,,,,,,,,,,,,,,,,,,,,,,,,,,,,,,,,,,,,,,,,,,,,,,,,,
,,,,,,,,,,,,,,,,,,,,,,,,,,,,,,,,,,,,,,,,,,,,,,,,,,,,,,,,
,,,,,,,,,,,,,,,,,,,,,,,,,,,,,,,,,,,,,,,,,,,,,,,,,,,,,,,,
,,,,,,,,,,,,,,,,,,,,,,,,,,,,,,,,,,,,,,,,,,,,,,,,,,,,,,,,
,,,,,,,,,,,,,,,,,,,,,,,,,,,,,,,,,,,,,,,,,,,,,,,,,,,,,,,,
,,,,,,,,,,,,,,,,,,,,,,,,,,,,,,,,,,,,,,,,,,,,,,,,,,,,,,,,
,,,,,,,,,,,,,,,,,,,,,,,,,,,,,,,,,,,,,,,,,,,,,,,,,,,,,,,,
,,,,,,,,,,,,,,,,,,,,,,,,,,,,,,,,,,,,,,,,,,,,,,,,,,,,,,,,
,,,,,,,,,,,,,,,,,,,,,,,,,,,,,,,,,,,,,,,,,,,,,,,,,,,,,,,,
,,,,,,,,,,,,,,,,,,,,,,,,,,,,,,,,,,,,,,,,,,,,,,,,,,,,,,,,
,,,,,,,,,,,,,,,,,,,,,,,,,,,,,,,,,,,,,,,,,,,,,,,,,,,,,,,,
,,,,,,,,,,,,,,,,,,,,,,,,,,,,,,,,,,,,,,,,,,,,,,,,,,,,,,,,
,,,,,,,,,,,,,,,,,,,,,,,,,,,,,,,,,,,,,,,,,,,,,,,,,,,,,,,,
,,,,,,,,,,,,,,,,,,,,,,,,,,,,,,,,,,,,,,,,,,,,,,,,,,,,,,,,
,,,,,,,,,,,,,,,,,,,,,,,,,,,,,,,,,,,,,,,,,,,,,,,,,,,,,,,,
,,,,,,,,,,,,,,,,,,,,,,,,,,,,,,,,,,,,,,,,,,,,,,,,,,,,,,,,
,,,,,,,,,,,,,,,,,,,,,,,,,,,,,,,,,,,,,,,,,,,,,,,,,,,,,,,,
,,,,,,,,,,,,,,,,,,,,,,,,,,,,,,,,,,,,,,,,,,,,,,,,,,,,,,,,
,,,,,,,,,,,,,,,,,,,,,,,,,,,,,,,,,,,,,,,,,,,,,,,,,,,,,,,,
,,,,,,,,,,,,,,,,,,,,,,,,,,,,,,,,,,,,,,,,,,,,,,,,,,,,,,,,
,,,,,,,,,,,,,,,,,,,,,,,,,,,,,,,,,,,,,,,,,,,,,,,,,,,,,,,,
,,,,,,,,,,,,,,,,,,,,,,,,,,,,,,,,,,,,,,,,,,,,,,,,,,,,,,,,
,,,,,,,,,,,,,,,,,,,,,,,,,,,,,,,,,,,,,,,,,,,,,,,,,,,,,,,,
,,,,,,,,,,,,,,,,,,,,,,,,,,,,,,,,,,,,,,,,,,,,,,,,,,,,,,,,
,,,,,,,,,,,,,,,,,,,,,,,,,,,,,,,,,,,,,,,,,,,,,,,,,,,,,,,,
,,,,,,,,,,,,,,,,,,,,,,,,,,,,,,,,,,,,,,,,,,,,,,,,,,,,,,,,
,,,,,,,,,,,,,,,,,,,,,,,,,,,,,,,,,,,,,,,,,,,,,,,,,,,,,,,,
,,,,,,,,,,,,,,,,,,,,,,,,,,,,,,,,,,,,,,,,,,,,,,,,,,,,,,,,
,,,,,,,,,,,,,,,,,,,,,,,,,,,,,,,,,,,,,,,,,,,,,,,,,,,,,,,,
,,,,,,,,,,,,,,,,,,,,,,,,,,,,,,,,,,,,,,,,,,,,,,,,,,,,,,,,
,,,,,,,,,,,,,,,,,,,,,,,,,,,,,,,,,,,,,,,,,,,,,,,,,,,,,,,,
,,,,,,,,,,,,,,,,,,,,,,,,,,,,,,,,,,,,,,,,,,,,,,,,,,,,,,,,
,,,,,,,,,,,,,,,,,,,,,,,,,,,,,,,,,,,,,,,,,,,,,,,,,,,,,,,,
,,,,,,,,,,,,,,,,,,,,,,,,,,,,,,,,,,,,,,,,,,,,,,,,,,,,,,,,
,,,,,,,,,,,,,,,,,,,,,,,,,,,,,,,,,,,,,,,,,,,,,,,,,,,,,,,,
,,,,,,,,,,,,,,,,,,,,,,,,,,,,,,,,,,,,,,,,,,,,,,,,,,,,,,,,
,,,,,,,,,,,,,,,,,,,,,,,,,,,,,,,,,,,,,,,,,,,,,,,,,,,,,,,,
,,,,,,,,,,,,,,,,,,,,,,,,,,,,,,,,,,,,,,,,,,,,,,,,,,,,,,,,
,,,,,,,,,,,,,,,,,,,,,,,,,,,,,,,,,,,,,,,,,,,,,,,,,,,,,,,,
,,,,,,,,,,,,,,,,,,,,,,,,,,,,,,,,,,,,,,,,,,,,,,,,,,,,,,,,
,,,,,,,,,,,,,,,,,,,,,,,,,,,,,,,,,,,,,,,,,,,,,,,,,,,,,,,,
,,,,,,,,,,,,,,,,,,,,,,,,,,,,,,,,,,,,,,,,,,,,,,,,,,,,,,,,
,,,,,,,,,,,,,,,,,,,,,,,,,,,,,,,,,,,,,,,,,,,,,,,,,,,,,,,,
,,,,,,,,,,,,,,,,,,,,,,,,,,,,,,,,,,,,,,,,,,,,,,,,,,,,,,,,
,,,,,,,,,,,,,,,,,,,,,,,,,,,,,,,,,,,,,,,,,,,,,,,,,,,,,,,,
,,,,,,,,,,,,,,,,,,,,,,,,,,,,,,,,,,,,,,,,,,,,,,,,,,,,,,,,
,,,,,,,,,,,,,,,,,,,,,,,,,,,,,,,,,,,,,,,,,,,,,,,,,,,,,,,,
,,,,,,,,,,,,,,,,,,,,,,,,,,,,,,,,,,,,,,,,,,,,,,,,,,,,,,,,
,,,,,,,,,,,,,,,,,,,,,,,,,,,,,,,,,,,,,,,,,,,,,,,,,,,,,,,,
,,,,,,,,,,,,,,,,,,,,,,,,,,,,,,,,,,,,,,,,,,,,,,,,,,,,,,,,
,,,,,,,,,,,,,,,,,,,,,,,,,,,,,,,,,,,,,,,,,,,,,,,,,,,,,,,,
,,,,,,,,,,,,,,,,,,,,,,,,,,,,,,,,,,,,,,,,,,,,,,,,,,,,,,,,
,,,,,,,,,,,,,,,,,,,,,,,,,,,,,,,,,,,,,,,,,,,,,,,,,,,,,,,,
,,,,,,,,,,,,,,,,,,,,,,,,,,,,,,,,,,,,,,,,,,,,,,,,,,,,,,,,
,,,,,,,,,,,,,,,,,,,,,,,,,,,,,,,,,,,,,,,,,,,,,,,,,,,,,,,,
,,,,,,,,,,,,,,,,,,,,,,,,,,,,,,,,,,,,,,,,,,,,,,,,,,,,,,,,
,,,,,,,,,,,,,,,,,,,,,,,,,,,,,,,,,,,,,,,,,,,,,,,,,,,,,,,,
,,,,,,,,,,,,,,,,,,,,,,,,,,,,,,,,,,,,,,,,,,,,,,,,,,,,,,,,
,,,,,,,,,,,,,,,,,,,,,,,,,,,,,,,,,,,,,,,,,,,,,,,,,,,,,,,,
,,,,,,,,,,,,,,,,,,,,,,,,,,,,,,,,,,,,,,,,,,,,,,,,,,,,,,,,
,,,,,,,,,,,,,,,,,,,,,,,,,,,,,,,,,,,,,,,,,,,,,,,,,,,,,,,,
,,,,,,,,,,,,,,,,,,,,,,,,,,,,,,,,,,,,,,,,,,,,,,,,,,,,,,,,
,,,,,,,,,,,,,,,,,,,,,,,,,,,,,,,,,,,,,,,,,,,,,,,,,,,,,,,,
,,,,,,,,,,,,,,,,,,,,,,,,,,,,,,,,,,,,,,,,,,,,,,,,,,,,,,,,
,,,,,,,,,,,,,,,,,,,,,,,,,,,,,,,,,,,,,,,,,,,,,,,,,,,,,,,,
,,,,,,,,,,,,,,,,,,,,,,,,,,,,,,,,,,,,,,,,,,,,,,,,,,,,,,,,
,,,,,,,,,,,,,,,,,,,,,,,,,,,,,,,,,,,,,,,,,,,,,,,,,,,,,,,,
,,,,,,,,,,,,,,,,,,,,,,,,,,,,,,,,,,,,,,,,,,,,,,,,,,,,,,,,
,,,,,,,,,,,,,,,,,,,,,,,,,,,,,,,,,,,,,,,,,,,,,,,,,,,,,,,,
,,,,,,,,,,,,,,,,,,,,,,,,,,,,,,,,,,,,,,,,,,,,,,,,,,,,,,,,
,,,,,,,,,,,,,,,,,,,,,,,,,,,,,,,,,,,,,,,,,,,,,,,,,,,,,,,,
,,,,,,,,,,,,,,,,,,,,,,,,,,,,,,,,,,,,,,,,,,,,,,,,,,,,,,,,
,,,,,,,,,,,,,,,,,,,,,,,,,,,,,,,,,,,,,,,,,,,,,,,,,,,,,,,,
,,,,,,,,,,,,,,,,,,,,,,,,,,,,,,,,,,,,,,,,,,,,,,,,,,,,,,,,
,,,,,,,,,,,,,,,,,,,,,,,,,,,,,,,,,,,,,,,,,,,,,,,,,,,,,,,,
,,,,,,,,,,,,,,,,,,,,,,,,,,,,,,,,,,,,,,,,,,,,,,,,,,,,,,,,
,,,,,,,,,,,,,,,,,,,,,,,,,,,,,,,,,,,,,,,,,,,,,,,,,,,,,,,,
,,,,,,,,,,,,,,,,,,,,,,,,,,,,,,,,,,,,,,,,,,,,,,,,,,,,,,,,
,,,,,,,,,,,,,,,,,,,,,,,,,,,,,,,,,,,,,,,,,,,,,,,,,,,,,,,,
,,,,,,,,,,,,,,,,,,,,,,,,,,,,,,,,,,,,,,,,,,,,,,,,,,,,,,,,
,,,,,,,,,,,,,,,,,,,,,,,,,,,,,,,,,,,,,,,,,,,,,,,,,,,,,,,,
,,,,,,,,,,,,,,,,,,,,,,,,,,,,,,,,,,,,,,,,,,,,,,,,,,,,,,,,
,,,,,,,,,,,,,,,,,,,,,,,,,,,,,,,,,,,,,,,,,,,,,,,,,,,,,,,,
,,,,,,,,,,,,,,,,,,,,,,,,,,,,,,,,,,,,,,,,,,,,,,,,,,,,,,,,
,,,,,,,,,,,,,,,,,,,,,,,,,,,,,,,,,,,,,,,,,,,,,,,,,,,,,,,,
,,,,,,,,,,,,,,,,,,,,,,,,,,,,,,,,,,,,,,,,,,,,,,,,,,,,,,,,
,,,,,,,,,,,,,,,,,,,,,,,,,,,,,,,,,,,,,,,,,,,,,,,,,,,,,,,,
,,,,,,,,,,,,,,,,,,,,,,,,,,,,,,,,,,,,,,,,,,,,,,,,,,,,,,,,
,,,,,,,,,,,,,,,,,,,,,,,,,,,,,,,,,,,,,,,,,,,,,,,,,,,,,,,,
,,,,,,,,,,,,,,,,,,,,,,,,,,,,,,,,,,,,,,,,,,,,,,,,,,,,,,,,
,,,,,,,,,,,,,,,,,,,,,,,,,,,,,,,,,,,,,,,,,,,,,,,,,,,,,,,,
,,,,,,,,,,,,,,,,,,,,,,,,,,,,,,,,,,,,,,,,,,,,,,,,,,,,,,,,
,,,,,,,,,,,,,,,,,,,,,,,,,,,,,,,,,,,,,,,,,,,,,,,,,,,,,,,,
,,,,,,,,,,,,,,,,,,,,,,,,,,,,,,,,,,,,,,,,,,,,,,,,,,,,,,,,
,,,,,,,,,,,,,,,,,,,,,,,,,,,,,,,,,,,,,,,,,,,,,,,,,,,,,,,,
,,,,,,,,,,,,,,,,,,,,,,,,,,,,,,,,,,,,,,,,,,,,,,,,,,,,,,,,
,,,,,,,,,,,,,,,,,,,,,,,,,,,,,,,,,,,,,,,,,,,,,,,,,,,,,,,,
,,,,,,,,,,,,,,,,,,,,,,,,,,,,,,,,,,,,,,,,,,,,,,,,,,,,,,,,
,,,,,,,,,,,,,,,,,,,,,,,,,,,,,,,,,,,,,,,,,,,,,,,,,,,,,,,,
,,,,,,,,,,,,,,,,,,,,,,,,,,,,,,,,,,,,,,,,,,,,,,,,,,,,,,,,
,,,,,,,,,,,,,,,,,,,,,,,,,,,,,,,,,,,,,,,,,,,,,,,,,,,,,,,,
,,,,,,,,,,,,,,,,,,,,,,,,,,,,,,,,,,,,,,,,,,,,,,,,,,,,,,,,
,,,,,,,,,,,,,,,,,,,,,,,,,,,,,,,,,,,,,,,,,,,,,,,,,,,,,,,,
,,,,,,,,,,,,,,,,,,,,,,,,,,,,,,,,,,,,,,,,,,,,,,,,,,,,,,,,
,,,,,,,,,,,,,,,,,,,,,,,,,,,,,,,,,,,,,,,,,,,,,,,,,,,,,,,,
,,,,,,,,,,,,,,,,,,,,,,,,,,,,,,,,,,,,,,,,,,,,,,,,,,,,,,,,
,,,,,,,,,,,,,,,,,,,,,,,,,,,,,,,,,,,,,,,,,,,,,,,,,,,,,,,,
,,,,,,,,,,,,,,,,,,,,,,,,,,,,,,,,,,,,,,,,,,,,,,,,,,,,,,,,
,,,,,,,,,,,,,,,,,,,,,,,,,,,,,,,,,,,,,,,,,,,,,,,,,,,,,,,,
,,,,,,,,,,,,,,,,,,,,,,,,,,,,,,,,,,,,,,,,,,,,,,,,,,,,,,,,
,,,,,,,,,,,,,,,,,,,,,,,,,,,,,,,,,,,,,,,,,,,,,,,,,,,,,,,,
,,,,,,,,,,,,,,,,,,,,,,,,,,,,,,,,,,,,,,,,,,,,,,,,,,,,,,,,
,,,,,,,,,,,,,,,,,,,,,,,,,,,,,,,,,,,,,,,,,,,,,,,,,,,,,,,,
,,,,,,,,,,,,,,,,,,,,,,,,,,,,,,,,,,,,,,,,,,,,,,,,,,,,,,,,
,,,,,,,,,,,,,,,,,,,,,,,,,,,,,,,,,,,,,,,,,,,,,,,,,,,,,,,,
,,,,,,,,,,,,,,,,,,,,,,,,,,,,,,,,,,,,,,,,,,,,,,,,,,,,,,,,
,,,,,,,,,,,,,,,,,,,,,,,,,,,,,,,,,,,,,,,,,,,,,,,,,,,,,,,,
,,,,,,,,,,,,,,,,,,,,,,,,,,,,,,,,,,,,,,,,,,,,,,,,,,,,,,,,
,,,,,,,,,,,,,,,,,,,,,,,,,,,,,,,,,,,,,,,,,,,,,,,,,,,,,,,,
,,,,,,,,,,,,,,,,,,,,,,,,,,,,,,,,,,,,,,,,,,,,,,,,,,,,,,,,
,,,,,,,,,,,,,,,,,,,,,,,,,,,,,,,,,,,,,,,,,,,,,,,,,,,,,,,,
,,,,,,,,,,,,,,,,,,,,,,,,,,,,,,,,,,,,,,,,,,,,,,,,,,,,,,,,
,,,,,,,,,,,,,,,,,,,,,,,,,,,,,,,,,,,,,,,,,,,,,,,,,,,,,,,,
,,,,,,,,,,,,,,,,,,,,,,,,,,,,,,,,,,,,,,,,,,,,,,,,,,,,,,,,
,,,,,,,,,,,,,,,,,,,,,,,,,,,,,,,,,,,,,,,,,,,,,,,,,,,,,,,,
,,,,,,,,,,,,,,,,,,,,,,,,,,,,,,,,,,,,,,,,,,,,,,,,,,,,,,,,
,,,,,,,,,,,,,,,,,,,,,,,,,,,,,,,,,,,,,,,,,,,,,,,,,,,,,,,,
,,,,,,,,,,,,,,,,,,,,,,,,,,,,,,,,,,,,,,,,,,,,,,,,,,,,,,,,
,,,,,,,,,,,,,,,,,,,,,,,,,,,,,,,,,,,,,,,,,,,,,,,,,,,,,,,,
,,,,,,,,,,,,,,,,,,,,,,,,,,,,,,,,,,,,,,,,,,,,,,,,,,,,,,,,
,,,,,,,,,,,,,,,,,,,,,,,,,,,,,,,,,,,,,,,,,,,,,,,,,,,,,,,,
,,,,,,,,,,,,,,,,,,,,,,,,,,,,,,,,,,,,,,,,,,,,,,,,,,,,,,,,
,,,,,,,,,,,,,,,,,,,,,,,,,,,,,,,,,,,,,,,,,,,,,,,,,,,,,,,,
,,,,,,,,,,,,,,,,,,,,,,,,,,,,,,,,,,,,,,,,,,,,,,,,,,,,,,,,
,,,,,,,,,,,,,,,,,,,,,,,,,,,,,,,,,,,,,,,,,,,,,,,,,,,,,,,,
,,,,,,,,,,,,,,,,,,,,,,,,,,,,,,,,,,,,,,,,,,,,,,,,,,,,,,,,
,,,,,,,,,,,,,,,,,,,,,,,,,,,,,,,,,,,,,,,,,,,,,,,,,,,,,,,,
,,,,,,,,,,,,,,,,,,,,,,,,,,,,,,,,,,,,,,,,,,,,,,,,,,,,,,,,
,,,,,,,,,,,,,,,,,,,,,,,,,,,,,,,,,,,,,,,,,,,,,,,,,,,,,,,,
,,,,,,,,,,,,,,,,,,,,,,,,,,,,,,,,,,,,,,,,,,,,,,,,,,,,,,,,
,,,,,,,,,,,,,,,,,,,,,,,,,,,,,,,,,,,,,,,,,,,,,,,,,,,,,,,,
,,,,,,,,,,,,,,,,,,,,,,,,,,,,,,,,,,,,,,,,,,,,,,,,,,,,,,,,
,,,,,,,,,,,,,,,,,,,,,,,,,,,,,,,,,,,,,,,,,,,,,,,,,,,,,,,,
,,,,,,,,,,,,,,,,,,,,,,,,,,,,,,,,,,,,,,,,,,,,,,,,,,,,,,,,
,,,,,,,,,,,,,,,,,,,,,,,,,,,,,,,,,,,,,,,,,,,,,,,,,,,,,,,,
,,,,,,,,,,,,,,,,,,,,,,,,,,,,,,,,,,,,,,,,,,,,,,,,,,,,,,,,
,,,,,,,,,,,,,,,,,,,,,,,,,,,,,,,,,,,,,,,,,,,,,,,,,,,,,,,,
,,,,,,,,,,,,,,,,,,,,,,,,,,,,,,,,,,,,,,,,,,,,,,,,,,,,,,,,
,,,,,,,,,,,,,,,,,,,,,,,,,,,,,,,,,,,,,,,,,,,,,,,,,,,,,,,,
,,,,,,,,,,,,,,,,,,,,,,,,,,,,,,,,,,,,,,,,,,,,,,,,,,,,,,,,
,,,,,,,,,,,,,,,,,,,,,,,,,,,,,,,,,,,,,,,,,,,,,,,,,,,,,,,,
,,,,,,,,,,,,,,,,,,,,,,,,,,,,,,,,,,,,,,,,,,,,,,,,,,,,,,,,
,,,,,,,,,,,,,,,,,,,,,,,,,,,,,,,,,,,,,,,,,,,,,,,,,,,,,,,,
,,,,,,,,,,,,,,,,,,,,,,,,,,,,,,,,,,,,,,,,,,,,,,,,,,,,,,,,
,,,,,,,,,,,,,,,,,,,,,,,,,,,,,,,,,,,,,,,,,,,,,,,,,,,,,,,,
,,,,,,,,,,,,,,,,,,,,,,,,,,,,,,,,,,,,,,,,,,,,,,,,,,,,,,,,
,,,,,,,,,,,,,,,,,,,,,,,,,,,,,,,,,,,,,,,,,,,,,,,,,,,,,,,,
,,,,,,,,,,,,,,,,,,,,,,,,,,,,,,,,,,,,,,,,,,,,,,,,,,,,,,,,
,,,,,,,,,,,,,,,,,,,,,,,,,,,,,,,,,,,,,,,,,,,,,,,,,,,,,,,,
,,,,,,,,,,,,,,,,,,,,,,,,,,,,,,,,,,,,,,,,,,,,,,,,,,,,,,,,
,,,,,,,,,,,,,,,,,,,,,,,,,,,,,,,,,,,,,,,,,,,,,,,,,,,,,,,,
,,,,,,,,,,,,,,,,,,,,,,,,,,,,,,,,,,,,,,,,,,,,,,,,,,,,,,,,
,,,,,,,,,,,,,,,,,,,,,,,,,,,,,,,,,,,,,,,,,,,,,,,,,,,,,,,,
,,,,,,,,,,,,,,,,,,,,,,,,,,,,,,,,,,,,,,,,,,,,,,,,,,,,,,,,
,,,,,,,,,,,,,,,,,,,,,,,,,,,,,,,,,,,,,,,,,,,,,,,,,,,,,,,,
,,,,,,,,,,,,,,,,,,,,,,,,,,,,,,,,,,,,,,,,,,,,,,,,,,,,,,,,
,,,,,,,,,,,,,,,,,,,,,,,,,,,,,,,,,,,,,,,,,,,,,,,,,,,,,,,,
,,,,,,,,,,,,,,,,,,,,,,,,,,,,,,,,,,,,,,,,,,,,,,,,,,,,,,,,
,,,,,,,,,,,,,,,,,,,,,,,,,,,,,,,,,,,,,,,,,,,,,,,,,,,,,,,,
,,,,,,,,,,,,,,,,,,,,,,,,,,,,,,,,,,,,,,,,,,,,,,,,,,,,,,,,
,,,,,,,,,,,,,,,,,,,,,,,,,,,,,,,,,,,,,,,,,,,,,,,,,,,,,,,,
,,,,,,,,,,,,,,,,,,,,,,,,,,,,,,,,,,,,,,,,,,,,,,,,,,,,,,,,
,,,,,,,,,,,,,,,,,,,,,,,,,,,,,,,,,,,,,,,,,,,,,,,,,,,,,,,,
,,,,,,,,,,,,,,,,,,,,,,,,,,,,,,,,,,,,,,,,,,,,,,,,,,,,,,,,
,,,,,,,,,,,,,,,,,,,,,,,,,,,,,,,,,,,,,,,,,,,,,,,,,,,,,,,,
,,,,,,,,,,,,,,,,,,,,,,,,,,,,,,,,,,,,,,,,,,,,,,,,,,,,,,,,
,,,,,,,,,,,,,,,,,,,,,,,,,,,,,,,,,,,,,,,,,,,,,,,,,,,,,,,,
,,,,,,,,,,,,,,,,,,,,,,,,,,,,,,,,,,,,,,,,,,,,,,,,,,,,,,,,
,,,,,,,,,,,,,,,,,,,,,,,,,,,,,,,,,,,,,,,,,,,,,,,,,,,,,,,,
,,,,,,,,,,,,,,,,,,,,,,,,,,,,,,,,,,,,,,,,,,,,,,,,,,,,,,,,
,,,,,,,,,,,,,,,,,,,,,,,,,,,,,,,,,,,,,,,,,,,,,,,,,,,,,,,,
,,,,,,,,,,,,,,,,,,,,,,,,,,,,,,,,,,,,,,,,,,,,,,,,,,,,,,,,
,,,,,,,,,,,,,,,,,,,,,,,,,,,,,,,,,,,,,,,,,,,,,,,,,,,,,,,,
,,,,,,,,,,,,,,,,,,,,,,,,,,,,,,,,,,,,,,,,,,,,,,,,,,,,,,,,
,,,,,,,,,,,,,,,,,,,,,,,,,,,,,,,,,,,,,,,,,,,,,,,,,,,,,,,,
,,,,,,,,,,,,,,,,,,,,,,,,,,,,,,,,,,,,,,,,,,,,,,,,,,,,,,,,
,,,,,,,,,,,,,,,,,,,,,,,,,,,,,,,,,,,,,,,,,,,,,,,,,,,,,,,,
,,,,,,,,,,,,,,,,,,,,,,,,,,,,,,,,,,,,,,,,,,,,,,,,,,,,,,,,
,,,,,,,,,,,,,,,,,,,,,,,,,,,,,,,,,,,,,,,,,,,,,,,,,,,,,,,,
,,,,,,,,,,,,,,,,,,,,,,,,,,,,,,,,,,,,,,,,,,,,,,,,,,,,,,,,
,,,,,,,,,,,,,,,,,,,,,,,,,,,,,,,,,,,,,,,,,,,,,,,,,,,,,,,,
,,,,,,,,,,,,,,,,,,,,,,,,,,,,,,,,,,,,,,,,,,,,,,,,,,,,,,,,
,,,,,,,,,,,,,,,,,,,,,,,,,,,,,,,,,,,,,,,,,,,,,,,,,,,,,,,,
,,,,,,,,,,,,,,,,,,,,,,,,,,,,,,,,,,,,,,,,,,,,,,,,,,,,,,,,
,,,,,,,,,,,,,,,,,,,,,,,,,,,,,,,,,,,,,,,,,,,,,,,,,,,,,,,,
,,,,,,,,,,,,,,,,,,,,,,,,,,,,,,,,,,,,,,,,,,,,,,,,,,,,,,,,
,,,,,,,,,,,,,,,,,,,,,,,,,,,,,,,,,,,,,,,,,,,,,,,,,,,,,,,,
,,,,,,,,,,,,,,,,,,,,,,,,,,,,,,,,,,,,,,,,,,,,,,,,,,,,,,,,
,,,,,,,,,,,,,,,,,,,,,,,,,,,,,,,,,,,,,,,,,,,,,,,,,,,,,,,,
,,,,,,,,,,,,,,,,,,,,,,,,,,,,,,,,,,,,,,,,,,,,,,,,,,,,,,,,
,,,,,,,,,,,,,,,,,,,,,,,,,,,,,,,,,,,,,,,,,,,,,,,,,,,,,,,,
,,,,,,,,,,,,,,,,,,,,,,,,,,,,,,,,,,,,,,,,,,,,,,,,,,,,,,,,
,,,,,,,,,,,,,,,,,,,,,,,,,,,,,,,,,,,,,,,,,,,,,,,,,,,,,,,,
,,,,,,,,,,,,,,,,,,,,,,,,,,,,,,,,,,,,,,,,,,,,,,,,,,,,,,,,
,,,,,,,,,,,,,,,,,,,,,,,,,,,,,,,,,,,,,,,,,,,,,,,,,,,,,,,,
,,,,,,,,,,,,,,,,,,,,,,,,,,,,,,,,,,,,,,,,,,,,,,,,,,,,,,,,
,,,,,,,,,,,,,,,,,,,,,,,,,,,,,,,,,,,,,,,,,,,,,,,,,,,,,,,,
