Site,α,β,α-β,Prob[α<β],omega
1,4.003,0.528,−3.476,0.2511,0.13190107419435423
2,1.434,0.586,−0.848,0.3198,0.4086471408647141
3,1.136,0.609,−0.527,0.3412,0.5360915492957747
4,3.886,0.175,−3.711,0.0863,0.045033453422542453
5,1.989,0.447,−1.542,0.128,0.22473604826546004
6,1.879,1.905,0.026,0.5964,1.01383714741884
7,1.11,0.473,−0.637,0.3396,0.42612612612612605
8,4.254,0.171,−4.082,0.0191,0.04019746121297603
9,0.515,0.286,−0.229,0.3006,0.5553398058252427
10,4.561,0.161,−4.400,0.0052,0.03529927647445736
11,0.91,0.471,−0.438,0.235,0.5175824175824175
12,2.772,0.406,−2.366,0.2359,0.1464646464646465
13,0.93,0.214,−0.716,0.1621,0.23010752688172043
14,1.138,0.468,−0.671,0.1957,0.4112478031634447
15,1.078,0.5,−0.578,0.1706,0.46382189239332094
16,0.915,0.474,−0.440,0.2356,0.5180327868852459
17,1.807,0.203,−1.604,0.026,0.1123408965135584
18,1.059,0.272,−0.787,0.1067,0.25684608120868746
19,1.556,0.638,−0.918,0.1811,0.41002570694087404
20,0.554,0.285,−0.269,0.2851,0.5144404332129963
21,4.212,3.239,−0.974,0.3462,0.7689933523266856
22,0.994,0.224,−0.770,0.083,0.22535211267605634
23,1.73,0.224,−1.506,0.0336,0.12947976878612716
24,1.616,0.412,−1.205,0.0786,0.2549504950495049
25,0.924,0.536,−0.388,0.2803,0.5800865800865801
26,2.202,1.356,−0.846,0.2908,0.6158038147138966
27,20.213,0.221,−19.992,0.0024,0.010933557611438183
28,1.446,0.424,−1.022,0.0724,0.29322268326417705
29,1.0,0.202,−0.798,0.0701,0.202
30,0.784,0.233,−0.551,0.1078,0.2971938775510204
31,1.344,0.285,−1.059,0.0683,0.2120535714285714
32,1.646,0.189,−1.456,0.0258,0.11482381530984205
33,3.646,0.197,−3.449,0.0003,0.054031815688425675
34,6.568,0.678,−5.890,0.0002,0.10322777101096225
35,1.226,0.48,−0.746,0.1422,0.3915171288743882
36,3.993,0.237,−3.756,0.0008,0.059353869271224644
37,3.936,0.65,−3.286,0.3571,0.16514227642276424
38,0.952,0.221,−0.731,0.0843,0.23214285714285715
39,3.368,0.216,−3.151,0.0339,0.06413301662707839
40,3.67,0.203,−3.467,0.0009,0.05531335149863761
41,3.4,0.188,−3.212,0.0006,0.05529411764705883
42,7.872,0.445,−7.427,0.0204,0.05652947154471545
43,1.691,0.829,−0.862,0.2377,0.4902424600827912
44,3.399,0.441,−2.958,0.0377,0.1297440423654016
45,2.073,0.777,−1.297,0.1599,0.3748191027496382
46,0.483,0.636,0.153,0.6286,1.3167701863354038
47,1.803,0.209,−1.595,0.0277,0.11591791458679977
48,0.923,0.302,−0.621,0.1055,0.3271939328277356
49,1.112,0.965,−0.147,0.6253,0.8678057553956834
50,3.254,1.002,−2.252,0.3012,0.3079287031346036
51,13.536,0.471,−13.066,0.0006,0.03479609929078014
52,0.991,0.224,−0.767,0.0832,0.2260343087790111
53,1.4,0.811,−0.589,0.3193,0.5792857142857144
54,0.919,0.489,−0.430,0.2466,0.5321001088139281
55,1.597,0.628,−0.969,0.1709,0.39323731997495304
56,2.498,0.418,−2.080,0.0288,0.16733386709367493
57,2.572,0.195,−2.377,0.0084,0.07581648522550545
58,2.165,0.652,−1.513,0.0894,0.3011547344110855
59,0.786,0.27,−0.516,0.1331,0.3435114503816794
60,3.025,0.447,−2.578,0.0032,0.1477685950413223
61,4.034,0.477,−3.557,0.1009,0.11824491819533961
62,0.367,0.545,0.179,0.646,1.4850136239782017
63,1.512,0.229,−1.284,0.0405,0.15145502645502645
64,3.895,0.65,−3.245,0.0155,0.1668806161745828
65,1.111,0.47,−0.640,0.3368,0.42304230423042305
66,0.62,0.758,0.137,0.6201,1.2225806451612904
67,1.451,0.597,−0.854,0.2378,0.4114403859407305
68,1.237,0.563,−0.674,0.1903,0.4551333872271624
69,0.884,0.653,−0.231,0.3793,0.7386877828054299
70,0.862,0.431,−0.431,0.3346,0.5
71,0.796,0.608,−0.188,0.4834,0.7638190954773869
72,5.364,0.207,−5.157,0.0002,0.03859060402684564
73,0.859,0.458,−0.401,0.3562,0.5331781140861467
74,0.484,0.329,−0.155,0.3526,0.6797520661157025
75,1.124,0.253,−0.872,0.0908,0.22508896797153022
76,1.688,0.243,−1.446,0.0399,0.14395734597156398
77,0.51,0.483,−0.027,0.4878,0.9470588235294117
78,1.058,0.636,−0.422,0.4638,0.6011342155009451
79,0.839,0.565,−0.274,0.3245,0.6734207389749701
80,1.043,0.483,−0.560,0.353,0.46308724832214765
81,0.49,1.912,1.421,0.9171,3.9020408163265303
82,0.517,0.253,−0.265,0.2686,0.48936170212765956
83,1.027,0.723,−0.303,0.394,0.7039922103213243
84,2.507,0.232,−2.275,0.0132,0.09254088552054249
85,11.955,0.902,−11.054,0.0,0.07544960267670431
86,5.706,0.489,−5.217,0.0013,0.08569926393270241
87,2.445,0.209,−2.237,0.0384,0.08548057259713701
88,1.077,0.244,−0.834,0.0893,0.2265552460538533
89,0.864,0.792,−0.073,0.586,0.9166666666666667
90,2.417,0.214,−2.203,0.0119,0.08853951179147704
91,7.202,0.21,−6.992,0.0041,0.02915856706470425
92,6.052,0.643,−5.409,0.1407,0.10624586913417053
93,1.247,0.74,−0.507,0.4724,0.5934242181234963
94,0.863,1.406,0.543,0.7029,1.6292004634994206
95,1.045,0.235,−0.810,0.0865,0.22488038277511962
96,0.517,0.253,−0.265,0.2686,0.48936170212765956
97,5.996,0.598,−5.398,0.0014,0.09973315543695796
98,3.449,1.287,−2.162,0.1381,0.37315163815598723
99,2.196,0.542,−1.654,0.1569,0.24681238615664844
100,0.458,0.311,−0.147,0.3504,0.6790393013100436
101,0.519,0.998,0.479,0.7831,1.9229287090558767
102,2.759,0.47,−2.289,0.032,0.1703515766582095
103,0.785,1.532,0.746,0.7962,1.951592356687898
104,1.064,0.471,−0.593,0.3431,0.44266917293233077
105,1.294,0.695,−0.598,0.2706,0.5370942812982998
106,1.3,0.765,−0.535,0.3298,0.5884615384615385
107,0.93,0.664,−0.266,0.3726,0.7139784946236559
108,0.827,0.301,−0.526,0.1501,0.3639661426844015
109,7.647,0.682,−6.965,0.0006,0.08918530142539559
110,3.063,0.782,−2.281,0.2361,0.2553052562846882
111,0.948,0.267,−0.681,0.1132,0.28164556962025317
112,10.646,0.167,−10.480,0.0032,0.015686642870561714
113,3.364,0.474,−2.890,0.0239,0.14090368608799048
114,5.079,0.218,−4.861,0.0311,0.042921835006891125
115,2.37,0.225,−2.146,0.0435,0.09493670886075949
116,1.652,0.218,−1.433,0.0338,0.13196125907990316
117,0.558,0.247,−0.311,0.2493,0.4426523297491039
118,1.662,0.217,−1.446,0.0331,0.1305655836341757
119,2.383,0.443,−1.940,0.1174,0.1859001258917331
120,1.635,0.225,−1.410,0.0362,0.13761467889908258
121,0.932,0.21,−0.722,0.1587,0.22532188841201714
122,0.519,0.239,−0.280,0.2551,0.4605009633911368
123,4.434,0.188,−4.246,0.0072,0.042399639152007215
124,0.741,0.795,0.055,0.5728,1.0728744939271255
125,4.225,0.24,−3.984,0.0021,0.056804733727810655
126,1.688,0.22,−1.468,0.0335,0.13033175355450238
127,1.816,0.218,−1.598,0.0301,0.12004405286343611
128,4.772,0.207,−4.565,0.0004,0.04337803855825649
129,1.708,0.871,−0.837,0.2686,0.5099531615925058
130,0.716,0.566,−0.150,0.4739,0.7905027932960893
131,0.84,0.891,0.051,0.6445,1.0607142857142857
132,1.424,1.093,−0.331,0.4024,0.7675561797752809
133,7.707,0.673,−7.034,0.0012,0.08732321266381213
134,5.785,0.215,−5.570,0.0011,0.037165082108902334
135,1.725,0.88,−0.845,0.2704,0.5101449275362319
136,10.43,1.872,−8.558,0.0002,0.17948226270373924
137,7.89,1.038,−6.852,0.003,0.13155893536121674
138,1.167,0.227,−0.940,0.1589,0.194515852613539
139,1.896,0.562,−1.335,0.0887,0.2964135021097047
140,3.501,1.002,−2.499,0.0925,0.28620394173093405
141,0.886,0.647,−0.239,0.3737,0.7302483069977427
142,2.314,0.486,−1.829,0.0508,0.2100259291270527
143,2.07,0.265,−1.804,0.0255,0.1280193236714976
144,1.465,0.915,−0.550,0.4085,0.6245733788395904
145,2.02,0.722,−1.298,0.2634,0.3574257425742574
146,3.233,0.789,−2.444,0.0696,0.244045777915249
147,8.888,0.675,−8.213,0.0003,0.07594509450945094
148,1.076,0.235,−0.840,0.0848,0.21840148698884757
149,0.963,0.654,−0.309,0.4863,0.6791277258566979
150,14.583,0.218,−14.366,0.0029,0.014948913118014126
151,1.257,0.289,−0.968,0.0749,0.22991249005568815
152,0.5,0.649,0.149,0.6275,1.298
153,2.572,0.413,−2.160,0.0271,0.16057542768273717
154,2.38,0.205,−2.175,0.0112,0.0861344537815126
155,0.832,0.3,−0.532,0.1491,0.3605769230769231
156,0.495,0.503,0.008,0.513,1.0161616161616163
157,1.149,0.224,−0.925,0.1571,0.19495213228894692
158,1.034,0.272,−0.762,0.1089,0.26305609284332687
159,1.161,0.185,−0.976,0.1281,0.15934539190353142
160,5.106,0.434,−4.672,0.0434,0.08499804151978065
161,1.655,0.184,−1.471,0.0404,0.11117824773413897
162,0.917,0.655,−0.263,0.3691,0.7142857142857143
163,0.534,0.933,0.398,0.761,1.747191011235955
164,0.787,0.578,−0.209,0.3496,0.7344345616264294
165,7.332,0.237,−7.096,0.0,0.0323240589198036
166,3.205,0.229,−2.975,0.004,0.07145085803432137
167,2.268,0.817,−1.451,0.1325,0.3602292768959436
168,0.85,0.457,−0.393,0.3567,0.5376470588235295
169,1.487,0.524,−0.963,0.1398,0.3523873570948218
170,0.992,0.266,−0.726,0.1087,0.2681451612903226
171,1.534,1.294,−0.240,0.4444,0.8435462842242504
172,12.859,2.464,−10.394,0.0004,0.19161676646706585
173,0.883,1.152,0.269,0.7117,1.3046432616081538
174,2.681,0.967,−1.714,0.1412,0.36068631107795596
175,0.857,1.746,0.890,0.7745,2.0373395565927654
176,8.157,1.618,−6.539,0.0032,0.19835723918107148
177,2.689,0.97,−1.718,0.134,0.36072889550018594
178,3.541,2.059,−1.483,0.3316,0.5814741598418527
179,3.149,2.12,−1.029,0.339,0.6732295966973643
180,3.614,2.018,−1.596,0.3296,0.5583840619811843
