Model	1	2	3	4	5	6	7	8	9	10	11	12	13	14	15	16	17	18	19	20	21	22	23	24	25	26	27	28	29	30	31	32	33	34	35	36
1	0.000	0.266	0.654	0.681	0.454	0.526	0.549	0.534	0.499	1.739	0.395	0.460	0.506	0.416	1.058	0.566	0.505	0.614	0.614	0.399	0.494	0.512	0.522	0.486	1.500	1.023	0.588	0.580	0.486	0.588	1.410	0.613	0.591	0.537	0.549	0.560
2	0.266	0.000	0.612	0.611	0.415	0.490	0.508	0.533	0.454	1.784	0.391	0.409	0.485	0.431	1.088	0.485	0.436	0.544	0.607	0.437	0.469	0.482	0.458	0.448	1.511	1.049	0.566	0.541	0.510	0.522	1.486	0.572	0.487	0.472	0.519	0.543
3	0.654	0.612	0.000	0.681	0.612	0.634	0.707	0.689	0.595	1.767	0.554	0.567	0.521	0.648	1.157	0.662	0.603	0.630	0.242	0.629	0.584	0.565	0.523	0.502	1.502	1.125	0.522	0.234	0.465	0.425	1.503	0.594	0.626	0.573	0.589	0.727
4	0.681	0.611	0.681	0.000	0.584	0.318	0.322	0.369	0.397	1.891	0.559	0.520	0.443	0.643	1.172	0.349	0.668	0.297	0.745	0.508	0.402	0.370	0.386	0.562	1.485	1.158	0.747	0.614	0.716	0.654	1.620	0.313	0.462	0.491	0.501	0.388
5	0.454	0.415	0.612	0.584	0.000	0.425	0.541	0.560	0.549	1.838	0.453	0.341	0.510	0.404	0.938	0.496	0.367	0.551	0.625	0.402	0.433	0.529	0.522	0.442	1.577	1.119	0.649	0.559	0.519	0.562	1.543	0.479	0.546	0.569	0.412	0.606
6	0.526	0.490	0.634	0.318	0.425	0.000	0.242	0.323	0.333	1.857	0.452	0.416	0.397	0.502	1.022	0.282	0.462	0.298	0.650	0.376	0.265	0.340	0.317	0.423	1.527	1.105	0.665	0.559	0.568	0.596	1.596	0.290	0.372	0.378	0.392	0.343
7	0.549	0.508	0.707	0.322	0.541	0.242	0.000	0.254	0.251	1.881	0.487	0.489	0.418	0.592	1.156	0.264	0.584	0.328	0.725	0.421	0.337	0.362	0.341	0.501	1.469	1.131	0.714	0.623	0.610	0.625	1.601	0.380	0.338	0.362	0.499	0.272
8	0.534	0.533	0.689	0.369	0.560	0.323	0.254	0.000	0.263	1.847	0.444	0.432	0.350	0.559	1.206	0.406	0.656	0.369	0.690	0.354	0.422	0.285	0.358	0.548	1.443	1.059	0.701	0.586	0.592	0.635	1.550	0.455	0.494	0.446	0.465	0.235
9	0.499	0.454	0.595	0.397	0.549	0.333	0.251	0.263	0.000	1.822	0.395	0.453	0.332	0.569	1.212	0.355	0.588	0.348	0.594	0.382	0.360	0.286	0.240	0.419	1.437	1.058	0.571	0.496	0.489	0.504	1.527	0.425	0.341	0.309	0.451	0.307
10	1.739	1.784	1.767	1.891	1.838	1.857	1.881	1.847	1.822	0.000	1.722	1.801	1.765	1.731	2.001	1.898	1.860	1.862	1.740	1.770	1.823	1.772	1.788	1.773	2.070	1.635	1.671	1.740	1.758	1.776	1.701	1.857	1.892	1.859	1.830	1.851
11	0.395	0.391	0.554	0.559	0.453	0.452	0.487	0.444	0.395	1.722	0.000	0.343	0.391	0.380	1.103	0.507	0.542	0.516	0.531	0.307	0.453	0.362	0.371	0.384	1.494	0.919	0.414	0.425	0.413	0.520	1.385	0.524	0.569	0.488	0.426	0.446
12	0.460	0.409	0.567	0.520	0.341	0.416	0.489	0.432	0.453	1.801	0.343	0.000	0.426	0.411	1.068	0.450	0.531	0.448	0.583	0.292	0.472	0.379	0.414	0.453	1.577	1.025	0.626	0.466	0.524	0.571	1.494	0.517	0.557	0.532	0.299	0.486
13	0.506	0.485	0.521	0.443	0.510	0.397	0.418	0.350	0.332	1.765	0.391	0.426	0.000	0.484	1.165	0.479	0.585	0.411	0.490	0.409	0.430	0.265	0.322	0.471	1.429	0.982	0.518	0.445	0.463	0.465	1.495	0.403	0.518	0.447	0.448	0.349
14	0.416	0.431	0.648	0.643	0.404	0.502	0.592	0.559	0.569	1.731	0.380	0.411	0.484	0.000	0.962	0.570	0.506	0.592	0.614	0.363	0.507	0.486	0.520	0.482	1.566	0.876	0.575	0.577	0.560	0.624	1.378	0.559	0.663	0.622	0.474	0.541
15	1.058	1.088	1.157	1.172	0.938	1.022	1.156	1.206	1.212	2.001	1.103	1.068	1.165	0.962	0.000	1.078	0.913	1.130	1.113	1.055	1.004	1.162	1.131	0.985	2.007	1.444	1.138	1.130	1.115	1.112	1.823	1.044	1.165	1.145	1.051	1.179
16	0.566	0.485	0.662	0.349	0.496	0.282	0.264	0.406	0.355	1.898	0.507	0.450	0.479	0.570	1.078	0.000	0.526	0.310	0.704	0.420	0.324	0.402	0.349	0.428	1.566	1.162	0.724	0.582	0.639	0.590	1.599	0.363	0.308	0.358	0.442	0.385
17	0.505	0.436	0.603	0.668	0.367	0.462	0.584	0.656	0.588	1.860	0.542	0.531	0.585	0.506	0.913	0.526	0.000	0.610	0.607	0.534	0.406	0.609	0.537	0.401	1.566	1.166	0.659	0.568	0.504	0.534	1.617	0.514	0.500	0.485	0.553	0.670
18	0.614	0.544	0.630	0.297	0.551	0.298	0.328	0.369	0.348	1.862	0.516	0.448	0.411	0.592	1.130	0.310	0.610	0.000	0.651	0.438	0.386	0.299	0.263	0.480	1.529	1.122	0.707	0.551	0.646	0.626	1.607	0.351	0.411	0.412	0.350	0.378
19	0.614	0.607	0.242	0.745	0.625	0.650	0.725	0.690	0.594	1.740	0.531	0.583	0.490	0.614	1.113	0.704	0.607	0.651	0.000	0.610	0.606	0.552	0.510	0.496	1.526	1.057	0.461	0.265	0.376	0.438	1.470	0.628	0.668	0.578	0.574	0.712
20	0.399	0.437	0.629	0.508	0.402	0.376	0.421	0.354	0.382	1.770	0.307	0.292	0.409	0.363	1.055	0.420	0.534	0.438	0.610	0.000	0.385	0.337	0.376	0.390	1.535	0.981	0.607	0.502	0.486	0.583	1.425	0.472	0.542	0.482	0.311	0.399
21	0.494	0.469	0.584	0.402	0.433	0.265	0.337	0.422	0.360	1.823	0.453	0.472	0.430	0.507	1.004	0.324	0.406	0.386	0.606	0.385	0.000	0.414	0.331	0.311	1.471	1.094	0.618	0.524	0.515	0.477	1.539	0.303	0.376	0.361	0.439	0.449
22	0.512	0.482	0.565	0.370	0.529	0.340	0.362	0.285	0.286	1.772	0.362	0.379	0.265	0.486	1.162	0.402	0.609	0.299	0.552	0.337	0.414	0.000	0.237	0.447	1.490	0.963	0.567	0.460	0.518	0.552	1.480	0.380	0.491	0.391	0.357	0.273
23	0.522	0.458	0.523	0.386	0.522	0.317	0.341	0.358	0.240	1.788	0.371	0.414	0.322	0.520	1.131	0.349	0.537	0.263	0.510	0.376	0.331	0.237	0.000	0.346	1.491	1.029	0.524	0.421	0.471	0.491	1.510	0.372	0.381	0.316	0.345	0.354
24	0.486	0.448	0.502	0.562	0.442	0.423	0.501	0.548	0.419	1.773	0.384	0.453	0.471	0.482	0.985	0.428	0.401	0.480	0.496	0.390	0.311	0.447	0.346	0.000	1.558	1.058	0.485	0.413	0.415	0.401	1.470	0.431	0.441	0.398	0.403	0.558
25	1.500	1.511	1.502	1.485	1.577	1.527	1.469	1.443	1.437	2.070	1.494	1.577	1.429	1.566	2.007	1.566	1.566	1.529	1.526	1.535	1.471	1.490	1.491	1.558	0.000	1.744	1.527	1.503	1.490	1.441	2.018	1.489	1.530	1.506	1.635	1.479
26	1.023	1.049	1.125	1.158	1.119	1.105	1.131	1.059	1.058	1.635	0.919	1.025	0.982	0.876	1.444	1.162	1.166	1.122	1.057	0.981	1.094	0.963	1.029	1.058	1.744	0.000	0.975	1.076	1.055	1.099	1.311	1.111	1.218	1.125	1.065	1.012
27	0.588	0.566	0.522	0.747	0.649	0.665	0.714	0.701	0.571	1.671	0.414	0.626	0.518	0.575	1.138	0.724	0.659	0.707	0.461	0.607	0.618	0.567	0.524	0.485	1.527	0.975	0.000	0.458	0.439	0.462	1.406	0.662	0.700	0.638	0.636	0.678
28	0.580	0.541	0.234	0.614	0.559	0.559	0.623	0.586	0.496	1.740	0.425	0.466	0.445	0.577	1.130	0.582	0.568	0.551	0.265	0.502	0.524	0.460	0.421	0.413	1.503	1.076	0.458	0.000	0.375	0.393	1.471	0.548	0.579	0.495	0.478	0.629
29	0.486	0.510	0.465	0.716	0.519	0.568	0.610	0.592	0.489	1.758	0.413	0.524	0.463	0.560	1.115	0.639	0.504	0.646	0.376	0.486	0.515	0.518	0.471	0.415	1.490	1.055	0.439	0.375	0.000	0.417	1.478	0.593	0.585	0.495	0.534	0.628
30	0.588	0.522	0.425	0.654	0.562	0.596	0.625	0.635	0.504	1.776	0.520	0.571	0.465	0.624	1.112	0.590	0.534	0.626	0.438	0.583	0.477	0.552	0.491	0.401	1.441	1.099	0.462	0.393	0.417	0.000	1.523	0.547	0.554	0.515	0.600	0.666
31	1.410	1.486	1.503	1.620	1.543	1.596	1.601	1.550	1.527	1.701	1.385	1.494	1.495	1.378	1.823	1.599	1.617	1.607	1.470	1.425	1.539	1.480	1.510	1.470	2.018	1.311	1.406	1.471	1.478	1.523	0.000	1.577	1.640	1.587	1.522	1.540
32	0.613	0.572	0.594	0.313	0.479	0.290	0.380	0.455	0.425	1.857	0.524	0.517	0.403	0.559	1.044	0.363	0.514	0.351	0.628	0.472	0.303	0.380	0.372	0.431	1.489	1.111	0.662	0.548	0.593	0.547	1.577	0.000	0.427	0.421	0.462	0.433
33	0.591	0.487	0.626	0.462	0.546	0.372	0.338	0.494	0.341	1.892	0.569	0.557	0.518	0.663	1.165	0.308	0.500	0.411	0.668	0.542	0.376	0.491	0.381	0.441	1.530	1.218	0.700	0.579	0.585	0.554	1.640	0.427	0.000	0.288	0.550	0.503
34	0.537	0.472	0.573	0.491	0.569	0.378	0.362	0.446	0.309	1.859	0.488	0.532	0.447	0.622	1.145	0.358	0.485	0.412	0.578	0.482	0.361	0.391	0.316	0.398	1.506	1.125	0.638	0.495	0.495	0.515	1.587	0.421	0.288	0.000	0.515	0.434
35	0.549	0.519	0.589	0.501	0.412	0.392	0.499	0.465	0.451	1.830	0.426	0.299	0.448	0.474	1.051	0.442	0.553	0.350	0.574	0.311	0.439	0.357	0.345	0.403	1.635	1.065	0.636	0.478	0.534	0.600	1.522	0.462	0.550	0.515	0.000	0.513
36	0.560	0.543	0.727	0.388	0.606	0.343	0.272	0.235	0.307	1.851	0.446	0.486	0.349	0.541	1.179	0.385	0.670	0.378	0.712	0.399	0.449	0.273	0.354	0.558	1.479	1.012	0.678	0.629	0.628	0.666	1.540	0.433	0.503	0.434	0.513	0.000

